{
    "loss": 1.4972885847091675,
    "accuracy": 0.8879310488700867
}