{
    "loss": 2.85619854927063,
    "accuracy": 0.8534482717514038
}